date,infected,recovered,deceased,infected_cumulated,healthy
1/22/20,0,0,0,0,82500000
1/23/20,0,0,0,0,82500000
1/24/20,0,0,0,0,82500000
1/25/20,0,0,0,0,82500000
1/26/20,0,0,0,0,82500000
1/27/20,1,0,0,1,82499999
1/28/20,4,0,0,4,82499996
1/29/20,4,0,0,4,82499996
1/30/20,4,0,0,4,82499996
1/31/20,5,0,0,5,82499995
2/1/20,8,0,0,8,82499992
2/2/20,10,0,0,10,82499990
2/3/20,12,0,0,12,82499988
2/4/20,12,0,0,12,82499988
2/5/20,12,0,0,12,82499988
2/6/20,12,0,0,12,82499988
2/7/20,13,0,0,13,82499987
2/8/20,13,0,0,13,82499987
2/9/20,14,0,0,14,82499986
2/10/20,14,0,0,14,82499986
2/11/20,16,0,0,16,82499984
2/12/20,16,0,0,16,82499984
2/13/20,15,1,0,16,82499983
2/14/20,15,1,0,16,82499983
2/15/20,15,1,0,16,82499983
2/16/20,15,1,0,16,82499983
2/17/20,15,1,0,16,82499983
2/18/20,4,12,0,16,82499972
2/19/20,4,12,0,16,82499972
2/20/20,4,12,0,16,82499972
2/21/20,2,14,0,16,82499970
2/22/20,2,14,0,16,82499970
2/23/20,2,14,0,16,82499970
2/24/20,2,14,0,16,82499970
2/25/20,2,14,0,16,82499970
2/26/20,6,15,0,21,82499964
2/27/20,10,16,0,26,82499958
2/28/20,37,16,0,53,82499931
2/29/20,50,16,0,66,82499918
3/1/20,101,16,0,117,82499867
3/2/20,134,16,0,150,82499834
3/3/20,172,16,0,188,82499796
3/4/20,246,16,0,262,82499722
3/5/20,384,16,0,400,82499584
3/6/20,622,17,0,639,82499344
3/7/20,777,18,0,795,82499187
3/8/20,884,18,0,902,82499080
3/9/20,1119,18,2,1139,82498841
3/10/20,1276,18,2,1296,82498684
3/11/20,1539,25,3,1567,82498405
3/12/20,2339,25,5,2369,82497601
3/13/20,3011,46,5,3062,82496887
3/14/20,3741,46,8,3795,82496151
3/15/20,4780,46,12,4838,82495104
3/16/20,5932,67,13,6012,82493908
3/17/20,7077,67,12,7156,82492765
3/18/20,8081,105,12,8198,82491685
3/19/20,10866,113,20,10999,82488868
3/20/20,13746,180,31,13957,82485832
3/21/20,16382,233,47,16662,82483058
3/22/20,18289,266,55,18610,82481069
3/23/20,22320,266,86,22672,82476976
3/24/20,24079,3243,114,27436,82469207
3/25/20,27858,3547,149,31554,82464750
3/26/20,30637,5673,198,36508,82457621
3/27/20,35377,6658,253,42288,82450801
3/28/20,39776,8481,325,48582,82442612
3/29/20,42947,9211,389,52547,82437853
3/30/20,43343,13500,455,57298,82428747
3/31/20,45230,16100,583,61913,82421404
4/1/20,47934,18700,732,67366,82413202
4/2/20,50210,22440,872,73522,82403166
4/3/20,54104,24575,1017,79696,82394712
4/4/20,58220,26400,1158,85778,82386664
4/5/20,61672,28700,1342,91714,82378244
4/6/20,65257,28700,1434,95391,82374475
4/7/20,61537,36081,1607,99225,82363087
4/8/20,55067,46300,1861,103228,82348611
4/9/20,53688,52407,2107,108202,82337284
4/10/20,57239,53913,2373,113525,82330189
4/11/20,57714,57400,2544,117658,82322398
4/12/20,57506,60300,2673,120479,82316548
4/13/20,55917,64300,2799,123016,82309885
4/14/20,53929,68200,2969,125098,82303733
4/15/20,51730,72600,3254,127584,82296562
4/16/20,49881,77000,3569,130450,82288981
4/17/20,46848,83114,3868,133830,82279188
4/18/20,47929,85400,4110,137439,82273051
4/19/20,47603,88000,4294,139897,82267809
4/20/20,45768,91500,4404,141672,82262424
4/21/20,43659,95200,4598,143457,82256745
4/22/20,41415,99400,4879,145694,82250027
4/23/20,39652,103300,5094,148046,82243560
4/24/20,35262,109800,5321,150383,82234496
4/25/20,37138,109800,5500,152438,82232262
4/26/20,36535,112000,5640,154175,82228185
4/27/20,34943,114500,5750,155193,82224557
4/28/20,33024,117400,5913,156337,82220350
4/29/20,31126,120400,6115,157641,82215844
4/30/20,29331,123500,6288,159119,82211093
5/1/20,27377,126900,6481,160758,82205861
5/2/20,26128,129000,6575,161703,82202722
5/3/20,25247,130600,6649,162496,82200255
5/4/20,23783,132700,6692,163175,82197433
5/5/20,21929,135100,6831,163860,82194209
5/6/20,17911,139900,6996,164807,82188297
5/7/20,17272,141700,7119,166091,82185090
5/8/20,18334,141700,7266,167300,82183734
5/9/20,17882,143300,7369,168551,82180780
5/10/20,17423,144400,7395,169218,82178987
5/11/20,16541,145617,7417,169575,82177391
5/12/20,15775,147200,7533,170508,82174759
5/13/20,14972,148700,7634,171306,82172360
5/14/20,14216,150300,7723,172239,82169738
5/15/20,13731,151597,7824,173152,82167427
5/16/20,13291,152600,7881,173772,82165747
5/17/20,12430,154011,7914,174355,82163720
5/18/20,11721,155041,7935,174697,82162327
5/19/20,11522,155681,8007,175210,82161102
5/20/20,10951,156966,8090,176007,82158937
5/21/20,10518,158087,8147,176752,82157014
5/22/20,9974,159064,8174,177212,82155550
5/23/20,9918,159716,8216,177850,82154218
5/24/20,9753,160281,8247,178281,82153191
5/25/20,9114,161199,8257,178570,82151974
5/26/20,8733,161967,8302,179002,82150729
5/27/20,8195,162820,8349,179364,82149467
5/28/20,7946,163360,8411,179717,82148512
5/29/20,7763,164245,8450,180458,82146847
5/30/20,7799,164908,8489,181196,82145407
5/31/20,7630,165352,8500,181482,82144666
6/1/20,7672,165632,8511,181815,82144042
6/2/20,6897,166609,8522,182028,82142841
6/3/20,6366,167453,8551,182370,82141626
6/4/20,6274,167909,8581,182764,82140746
6/5/20,6178,168480,8613,183271,82139636
6/6/20,6074,168958,8646,183678,82138718
6/7/20,6087,169224,8668,183979,82138129
6/8/20,5963,169556,8674,184193,82137577
6/9/20,5703,170129,8711,184543,82136617
6/10/20,5502,170630,8729,184861,82135780
6/11/20,5700,170961,8755,185416,82134868
6/12/20,5376,171535,8763,185674,82134028
6/13/20,5271,171970,8781,186022,82133227
6/14/20,5393,172089,8787,186269,82132855
6/15/20,4978,172692,8791,186461,82132056
6/16/20,5197,172842,8800,186839,82131519
6/17/20,4755,173599,8830,187184,82130387
6/18/20,5061,173847,8856,187764,82129533
6/19/20,5690,173972,8872,188534,82128622
6/20/20,5643,174609,8883,189135,82127373
6/21/20,6200,174740,8882,189822,82126556
6/22/20,6331,175143,8885,190359,82125613
6/23/20,6142,175825,8895,190862,82124418
6/24/20,6113,176422,8914,191449,82123215
6/25/20,6388,176764,8927,192079,82122230
6/26/20,6459,177149,8948,192556,82121347
6/27/20,6771,177518,8954,193243,82120285
6/28/20,6885,177657,8957,193499,82119887
6/29/20,7030,177770,8961,193761,82119508
6/30/20,7186,178100,8973,194259,82118668
7/1/20,6640,179100,8985,194725,82117190
7/2/20,6434,179800,8994,195228,82115978
7/3/20,6371,180300,9003,195674,82115023
7/4/20,6086,181000,9010,196096,82113894
7/5/20,5604,181719,9012,196335,82112934
7/6/20,5378,182160,9016,196554,82112270
7/7/20,5259,182661,9024,196944,82111371
7/8/20,5152,183153,9036,197341,82110470
7/9/20,5007,183728,9048,197783,82109441
7/10/20,5096,184028,9054,198178,82108740
7/11/20,5230,184266,9060,198556,82108118
7/12/20,5327,184414,9063,198804,82107719
7/13/20,4799,185100,9064,198963,82106873
7/14/20,5207,185100,9068,199375,82106457
7/15/20,4655,186000,9071,199726,82105203
7/16/20,4782,186400,9078,200260,82104262
7/17/20,4861,186900,9082,200843,82103175
7/18/20,5089,187200,9083,201372,82102345
7/19/20,5090,187400,9084,201574,82101942
7/20/20,4667,188070,9086,201823,82101021
7/21/20,5034,188221,9090,202345,82100344
7/22/20,5076,188628,9095,202799,82099478
7/23/20,5127,189140,9101,203368,82098391
7/24/20,5376,189696,9111,204183,82097010
7/25/20,5927,189919,9118,204964,82095999
7/26/20,6096,190055,9118,205269,82095558
7/27/20,6177,190314,9118,205609,82094959
7/28/20,6409,190711,9122,206242,82093925
7/29/20,6519,191279,9128,206926,82092667
7/30/20,7143,191551,9134,207828,82091487
7/31/20,7565,191992,9141,208698,82090169
8/1/20,7869,192636,9148,209653,82088563
8/2/20,7844,192908,9141,209893,82088058
8/3/20,7660,193594,9148,210402,82086856
8/4/20,7952,194173,9156,211281,82085390
8/5/20,8286,194568,9168,212022,82084242
8/6/20,8611,195281,9175,213067,82082477
8/7/20,9096,195935,9183,214214,82080668
8/8/20,9591,196550,9195,215336,82078919
8/9/20,9912,196783,9196,215891,82078130
8/10/20,9748,197382,9197,216327,82077094
8/11/20,9745,198347,9201,217293,82075159
8/12/20,10321,198991,9207,218519,82073283
8/13/20,11099,199654,9211,219964,82071171
8/14/20,11748,200440,9225,221413,82068922
8/15/20,12841,200756,9231,222828,82067185
8/16/20,13035,201187,9231,223453,82066129
8/17/20,12533,202249,9232,224014,82064505
8/18/20,12491,203677,9236,225404,82061683
8/19/20,13217,204454,9243,226914,82059389
8/20/20,14009,205359,9253,228621,82056767
8/21/20,14132,206656,9260,230048,82054036
8/22/20,15209,207606,9267,232082,82051045
8/23/20,15610,207985,9269,232864,82049882
8/24/20,15650,208653,9272,233575,82048500
8/25/20,15243,210333,9277,234853,82045537
8/26/20,15458,211691,9280,236429,82042600
8/27/20,15742,212909,9285,237936,82039870
8/28/20,16033,214186,9288,239507,82037019
8/29/20,16907,214790,9289,240986,82034935
8/30/20,17193,215283,9295,241771,82033651
8/31/20,16288,216795,9298,242381,82031526
9/1/20,15894,218403,9302,243599,82028696
9/2/20,15638,219904,9313,244855,82025928
9/3/20,15320,221525,9321,246166,82022988
9/4/20,15495,222802,9322,247619,82020257
9/5/20,16103,223570,9324,248997,82018109
9/6/20,16445,224215,9325,249985,82016475
9/7/20,15770,225704,9325,250799,82014172
9/8/20,15590,227379,9329,252298,82010994
9/9/20,15352,228784,9338,253474,82008404
9/10/20,15742,230283,9341,255366,82005010
9/11/20,16159,231349,9342,256850,82002459
9/12/20,17180,231953,9347,258480,82000220
9/13/20,17538,232541,9349,259428,81998682
9/14/20,16988,234017,9350,260355,81996278
9/15/20,17288,235112,9362,261762,81993764
9/16/20,17672,236623,9368,263663,81990346
9/17/20,18049,238437,9371,265857,81986335
9/18/20,18741,239654,9378,267773,81983195
9/19/20,20176,240510,9384,270070,81980036
9/20/20,20837,241192,9386,271415,81978007
9/21/20,20295,242656,9386,272337,81975621
9/22/20,20069,244693,9396,274158,81971753
9/23/20,20812,245706,9409,275927,81968958
9/24/20,20876,247766,9428,278070,81964736
9/25/20,21616,249164,9443,280223,81961170
9/26/20,23174,250104,9452,282730,81957714
9/27/20,23817,250866,9457,284140,81955537
9/28/20,23179,252693,9460,285332,81952515
9/29/20,22738,255212,9471,287421,81947896
9/30/20,22870,256861,9488,289219,81944432
10/1/20,24002,258220,9500,291722,81940558
10/2/20,25165,259722,9508,294395,81936375
10/3/20,26515,260916,9527,296958,81932599
10/4/20,27706,262002,9529,299237,81929232
10/5/20,25461,265624,9534,300619,81924223
10/6/20,25965,267747,9546,303258,81919449
10/7/20,26802,269722,9562,306086,81914630
10/8/20,28606,271960,9578,310144,81908318
10/9/20,31353,273718,9589,314660,81902033
10/10/20,34843,274934,9604,319381,81896081
10/11/20,36266,276983,9615,322864,81890538
10/12/20,37319,278391,9621,325331,81886657
10/13/20,39286,280533,9634,329453,81880380
10/14/20,41252,283656,9677,334585,81872082
10/15/20,45376,286137,9710,341223,81862930
10/16/20,49796,289027,9734,348557,81852682
10/17/20,55491,291129,9767,356387,81842717
10/18/20,58750,293447,9777,361974,81834802
10/19/20,59838,296672,9789,366299,81827240
10/20/20,63588,299743,9836,373167,81817254
10/21/20,66714,304173,9875,380762,81805190
10/22/20,73365,308779,9905,392049,81789267
10/23/20,80990,312347,9954,403291,81774408
10/24/20,91878,316124,10003,418005,81755868
10/25/20,99145,320004,10032,429181,81740783
10/26/20,102758,325052,10056,437866,81727026
10/27/20,111480,327697,10098,449275,81712930
10/28/20,117292,336764,10183,464239,81688814
10/29/20,130305,340436,10272,481013,81668279
10/30/20,137424,351921,10349,499694,81638036
10/31/20,151891,356410,10452,518753,81614385
11/1/20,158904,363545,10481,532930,81593044
11/2/20,161998,372499,10530,545027,81571944
11/3/20,176327,373391,10661,560379,81555569
11/4/20,182769,384012,10812,577593,81527583
11/5/20,192037,394616,10930,597583,81496871
11/6/20,202184,405809,11096,619089,81464006
11/7/20,217778,413484,11226,642488,81432802
11/8/20,226065,421151,11289,658505,81409055
11/9/20,216895,443621,11352,671868,81373159
11/10/20,229292,446402,11506,687200,81354892
11/11/20,233416,460504,11767,705687,81322042
11/12/20,241363,474208,11982,727553,81286257
11/13/20,250982,487913,12200,751095,81248792
11/14/20,262182,498996,12378,773556,81215070
11/15/20,272304,505714,12485,790503,81191298
11/16/20,266467,522313,12547,801327,81163813
11/17/20,265585,537347,12814,815746,81134093
11/18/20,265916,554272,13119,833307,81099302
11/19/20,271585,570961,13370,855916,81059753
11/20/20,278154,587780,13630,879564,81019026
11/21/20,287653,600991,13884,902528,80982597
11/22/20,292620,611627,14022,918269,80956082
11/23/20,284646,630375,14112,929133,80926380
11/24/20,279256,649070,14361,942687,80893882
11/25/20,280176,666373,14771,961320,80857536
11/26/20,282891,685537,15160,983588,80815715
11/27/20,285595,705213,15586,1006394,80772807
11/28/20,293520,718604,15965,1028089,80737342
11/29/20,295780,730797,16123,1042700,80710380
11/30/20,288402,749219,16248,1053869,80680664
12/1/20,281457,769380,16636,1067473,80646511
12/2/20,278056,789564,17123,1084743,80608570
12/3/20,278096,811091,17602,1106789,80564518
12/4/20,280269,831935,18034,1130238,80519793
12/5/20,282459,852580,18517,1153556,80475347
12/6/20,284266,868285,18772,1171323,80441620
12/7/20,276035,888701,18919,1183655,80408725
12/8/20,269309,909058,19342,1197709,80373891
12/9/20,269320,929272,19932,1218524,80332272
12/10/20,271918,949913,20372,1242203,80287512
12/11/20,284870,966238,20970,1272078,80240714
12/12/20,303119,975931,21466,1300516,80202087
12/13/20,308222,990707,21787,1320716,80166790
12/14/20,303026,1012077,21975,1337078,80128870
12/15/20,297314,1031721,22475,1351510,80094294
12/16/20,299334,1056477,23427,1379238,80040858
12/17/20,303092,1078944,24125,1406161,79990770
12/18/20,319018,1095982,24938,1439938,79939142
12/19/20,338483,1107115,25640,1471238,79896007
12/20/20,344235,1123725,26049,1494009,79856217
12/21/20,336434,1147943,26275,1510652,79815130
12/22/20,331730,1171444,27006,1530180,79771370
12/23/20,329480,1197472,27968,1554920,79719640
12/24/20,338068,1220277,28770,1587115,79663838
12/25/20,322377,1235968,28770,1587115,79648147
12/26/20,344396,1253285,29422,1627103,79590190
12/27/20,339048,1272032,29778,1640858,79557332
12/28/20,326776,1294932,30126,1651834,79523108
12/29/20,313991,1319757,30978,1664726,79484539
12/30/20,309126,1345952,32107,1687185,79434756
12/31/20,335958,1350708,33071,1719737,79396484
1/1/21,297922,1388744,33071,1719737,79358448
1/2/21,320581,1400810,33960,1755351,79309879
1/3/21,309243,1422151,34272,1765666,79277911
1/4/21,295497,1445442,34574,1775513,79244471
1/5/21,279581,1472311,35518,1787410,79204761
1/6/21,275928,1496182,36537,1808647,79158634
1/7/21,280412,1517019,37607,1835038,79110336
1/8/21,294949,1533143,38795,1866887,79061175
1/9/21,305497,1546206,39878,1891581,79022335
1/10/21,301277,1566907,40343,1908527,78984223
1/11/21,290167,1590171,40686,1921024,78948119
1/12/21,275488,1616761,41577,1933826,78907836
1/13/21,270107,1640682,42637,1953426,78863255
1/14/21,273315,1661394,43881,1978590,78816135
1/15/21,291788,1664176,44994,2000958,78789872
1/16/21,293183,1680479,45974,2019636,78753911
1/17/21,277559,1709540,46419,2033518,78710523
1/18/21,280830,1713196,46633,2040659,78699512
1/19/21,246693,1757713,47622,2052028,78642637
1/20/21,240913,1778319,48770,2068002,78604909
1/21/21,240969,1797648,49783,2088400,78564169
1/22/21,241726,1813894,50642,2106262,78529202
1/23/21,244997,1826161,51521,2122679,78499639
1/24/21,242096,1840970,51870,2134936,78472224
1/25/21,229642,1859936,52087,2141665,78446312
1/26/21,213154,1881933,52990,2148077,78417000
1/27/21,225370,1881933,53972,2161275,78402820
1/28/21,208414,1915501,54913,2178828,78350758
1/29/21,219134,1917964,55752,2192850,78333434
1/30/21,209696,1938929,56546,2205171,78299354
1/31/21,219372,1940046,56945,2216363,78286646
2/1/21,197719,1967132,57120,2221971,78253777
2/2/21,183890,1986214,57981,2228085,78227720
2/3/21,175003,2003831,58956,2237790,78199423
2/4/21,171956,2020303,59742,2252001,78167954
2/5/21,171144,2033168,60597,2264909,78141326
2/6/21,172120,2041988,61286,2275394,78121332
2/7/21,169837,2052656,61517,2284010,78101817
2/8/21,172530,2054340,61675,2288545,78095440
2/9/21,147802,2081966,62156,2291924,78063954
2/10/21,140252,2096775,62969,2299996,78040260
2/11/21,137090,2109508,63635,2310233,78016624
2/12/21,135560,2120342,64191,2320093,77995374
2/13/21,135703,2128002,64742,2328447,77978809
2/14/21,132668,2136933,64960,2334561,77963546
2/15/21,125642,2148269,65076,2338987,77947668
2/16/21,116139,2161100,65604,2342843,77930453
2/17/21,111923,2172312,66164,2350399,77911125
2/18/21,111538,2182370,66698,2360606,77890326
2/19/21,111305,2191208,67206,2369719,77871867
2/20/21,114122,2197065,67696,2378883,77856356
2/21/21,114608,2204110,67841,2386559,77841490
2/22/21,110586,2212439,67903,2390928,77828730
2/23/21,104521,2221972,68318,2394811,77814899
2/24/21,103005,2231073,68740,2402818,77797369
2/25/21,113512,2232050,69125,2414687,77784138
2/26/21,107992,2247173,69519,2424684,77758624
2/27/21,111588,2252970,69888,2434446,77742696
2/28/21,112743,2259548,70045,2442336,77728071
3/1/21,116244,2260719,70105,2447068,77722108
3/2/21,102922,2277626,70463,2451011,77700900
3/3/21,102421,2286728,70881,2460030,77682361
3/4/21,105297,2295405,71240,2471942,77661413
3/5/21,108119,2302899,71504,2482522,77643075
3/6/21,112181,2308094,71804,2492079,77628023
3/7/21,113882,2314400,71900,2500182,77613518
3/8/21,110525,2322734,71934,2505193,77600139
3/9/21,105366,2331890,72189,2509445,77586476
3/10/21,105629,2340473,72489,2518591,77568447
3/11/21,110753,2349384,72810,2532947,77544859
3/12/21,116129,2356590,73062,2545781,77524567
3/13/21,127780,2357374,73301,2558455,77510870
3/14/21,126879,2368995,73371,2569245,77488389
3/15/21,124847,2377584,73418,2575849,77473149
3/16/21,120441,2387232,73656,2581329,77457783
3/17/21,133116,2387743,73905,2594764,77443588
3/18/21,132536,2405600,74132,2612268,77408000
3/19/21,141808,2413584,74358,2629750,77382308
3/20/21,151926,2419292,74565,2645783,77360360
3/21/21,158152,2426700,74664,2659516,77339120
3/22/21,155328,2437183,74714,2667225,77320878
3/23/21,150918,2448828,74964,2674710,77301498
3/24/21,155292,2460019,75212,2690523,77274246
3/25/21,166182,2471558,75440,2713180,77239822
3/26/21,177222,2481908,75623,2734753,77207716
3/27/21,190247,2489198,75780,2755225,77179797
3/28/21,197521,2499010,75870,2772401,77152719
3/29/21,194943,2511417,75913,2782273,77130397
3/30/21,190149,2525580,76093,2791822,77106505
3/31/21,192871,2539660,76342,2808873,77075125
4/1/21,204610,2552020,76543,2833173,77038264
4/2/21,211756,2566530,76775,2855061,77001634
4/3/21,220555,2575740,76895,2873190,76974175
4/4/21,222573,2585850,76963,2885386,76951801
4/5/21,229290,2587580,77013,2893883,76941524
4/6/21,218775,2604890,77103,2900768,76917239
4/7/21,194724,2638320,77401,2910445,76873834
4/8/21,212845,2640300,77707,2930852,76851141
4/9/21,223383,2654930,78003,2956316,76810751
4/10/21,233254,2668910,78249,2980413,76772428
4/11/21,227685,2692230,78353,2998268,76731149
4/12/21,224741,2708320,78452,3011513,76701715
4/13/21,216667,2726910,78746,3022323,76672021
4/14/21,219988,2744940,79088,3044016,76631956
4/15/21,246601,2747460,79381,3073442,76599717
4/16/21,256385,2763260,79628,3099273,76557839
4/17/21,258690,2784540,79847,3123077,76512536
4/18/21,267268,2795080,79914,3142262,76482744
4/19/21,261803,2811890,80006,3153699,76454405
4/20/21,251565,2831440,80303,3163308,76424949
4/21/21,254668,2852890,80634,3188192,76378284
4/22/21,280307,2856510,80893,3217710,76344887
4/23/21,287405,2876690,81158,3245253,76296899
4/24/21,284301,2902900,81444,3268645,76247011
4/25/21,288124,2917730,81564,3287418,76213288
4/26/21,277801,2939900,81624,3299325,76179151
4/27/21,267433,2960900,81968,3310301,76146831
4/28/21,283662,2966590,82280,3332532,76118598
4/29/21,286814,2987910,82544,3357268,76072278
4/30/21,290107,3008640,82850,3381597,76026913
5/1/21,292330,3025120,83082,3400532,75991266
5/2/21,281900,3051730,83192,3416822,75948256
5/3/21,288936,3053770,83276,3425982,75936972
5/4/21,274695,3075230,83591,3433516,75907663
5/5/21,249014,3118660,83876,3451550,75845914
5/6/21,249047,3140330,84126,3473503,75802041
5/7/21,264938,3142640,84410,3491988,75780962
5/8/21,262395,3160630,84648,3507673,75747049
5/9/21,248454,3187100,84775,3520329,75707796
5/10/21,253712,3188710,84829,3527251,75699210
5/11/21,217174,3231090,85112,3533376,75650422
5/12/21,229275,3233630,85380,3548285,75632705
5/13/21,211856,3268190,85658,3565704,75580448
5/14/21,206892,3284300,85848,3577040,75552812
5/15/21,206209,3292700,86025,3584934,75536341
5/16/21,201078,3306260,86096,3593434,75514210
5/17/21,189496,3323190,86160,3598846,75491804
5/18/21,174324,3342350,86381,3603055,75468214
5/19/21,167900,3359530,86665,3614095,75439710
5/20/21,163391,3376100,86902,3626393,75410605
5/21/21,157634,3390400,87128,3635162,75387310
5/22/21,156246,3398700,87298,3642244,75371758
5/23/21,151538,3410040,87380,3648958,75353622
5/24/21,138837,3425380,87423,3651640,75335557
5/25/21,126525,3439570,87456,3653551,75319423
5/26/21,116161,3452290,87726,3656177,75303807
5/27/21,111365,3463130,87995,3662490,75286385
5/28/21,109033,3472650,88187,3669870,75269293
5/29/21,107246,3479700,88350,3675296,75256654
5/30/21,102892,3487850,88406,3679148,75244596
5/31/21,94104,3498580,88442,3681126,75231852
6/1/21,84656,3509660,88595,3682911,75218834
6/2/21,80194,3518860,88774,3687828,75204538
6/3/21,77418,3526110,88940,3692468,75192482
6/4/21,72747,3533860,89026,3695633,75181481
6/5/21,70489,3538290,89148,3697927,75174635
6/6/21,69145,3542000,89222,3700367,75168411
6/7/21,62420,3549820,89244,3701484,75159452
6/8/21,55464,3557840,89384,3702688,75150088
6/9/21,53311,3563140,89491,3705942,75141427
6/10/21,51084,3568460,89585,3709129,75132826
6/11/21,47882,3574000,89687,3711569,75124744
6/12/21,45824,3577840,89816,3713480,75118864
6/13/21,43795,3581340,89834,3714969,75113857
6/14/21,40014,3585660,89844,3715518,75108978
6/15/21,35623,3590610,89937,3716170,75103283
6/16/21,33821,3593730,90074,3717625,75098571
6/17/21,30836,3597940,90179,3718955,75092926
6/18/21,29401,3600360,90270,3720031,75089339
6/19/21,27611,3602150,90270,3720031,75087549
6/20/21,27546,3604050,90385,3721981,75083584
6/21/21,25782,3606150,90395,3722327,75081128
6/22/21,23000,3609310,90472,3722782,75077436
6/23/21,20435,3612840,90523,3723798,75072839
6/24/21,18050,3616140,90616,3724806,75068438
6/25/21,17432,3617470,90678,3725580,75066272
6/26/21,16916,3618510,90746,3726172,75064572
6/27/21,16946,3619010,90754,3726710,75063526
6/28/21,15337,3620830,90762,3726929,75061479
6/29/21,14294,3622220,90819,3727333,75059628
6/30/21,13466,3623800,90875,3728141,75057184
7/1/21,13085,3625010,90938,3729033,75055019
7/2/21,12935,3625740,91007,3729682,75053571
7/3/21,12065,3626610,91007,3729682,75052701
7/4/21,11155,3627520,91007,3729682,75051791
7/5/21,11493,3628600,91031,3731124,75049245
7/6/21,11592,3628910,91062,3731564,75048464
7/7/21,11099,3630340,91110,3732549,75046001
7/8/21,11068,3631310,91141,3733519,75044030
7/9/21,11048,3632230,91190,3734468,75042112
7/10/21,10948,3632330,91190,3734468,75042012
7/11/21,10348,3632930,91190,3734468,75041412
7/12/21,11736,3633520,91233,3736489,75038758
7/13/21,11326,3634550,91259,3737135,75037056
7/14/21,11976,3635420,91287,3738683,75034610
7/15/21,12886,3636120,91319,3740325,75032236
7/16/21,13484,3636960,91337,3741781,75029922
7/17/21,12964,3637480,91337,3741781,75029402
7/18/21,11724,3638720,91337,3741781,75028162
7/19/21,14224,3639640,91363,3745227,75023770
7/20/21,14743,3640270,91397,3746410,75021923
7/21/21,16097,3641100,91416,3748613,75018871
7/22/21,17035,3642010,91458,3750503,75016029
7/23/21,18980,3642120,91492,3752592,75013796
7/24/21,17750,3643350,91492,3752592,75012566
7/25/21,16540,3644560,91492,3752592,75011356
7/26/21,19459,3645870,91527,3756856,75005747
7/27/21,19596,3647240,91565,3758401,75002794
7/28/21,15593,3653990,91586,3761169,74993255
7/29/21,23034,3649670,91607,3764311,74994412
7/30/21,22728,3652400,91637,3766765,74989198
7/31/21,21978,3653150,91637,3766765,74988448
8/1/21,20408,3654720,91637,3766765,74986878
8/2/21,25499,3654950,91660,3772109,74981281
8/3/21,24046,3658150,91679,3773875,74976296
8/4/21,26482,3659260,91704,3777446,74971590
8/5/21,3689255,0,91730,3780985,78627285
8/6/21,3692679,0,91754,3784433,78623813
8/7/21,3692679,0,91754,3784433,78623813
8/8/21,3692679,0,91754,3784433,78623813
8/9/21,3700165,0,91784,3791949,78616267
8/10/21,3702626,0,91803,3794429,78613768
8/11/21,3707608,0,91817,3799425,78608758
8/12/21,3713229,0,91834,3805063,78603103
8/13/21,3718788,0,91853,3810641,78597506
8/14/21,3718788,0,91853,3810641,78597506
8/15/21,3718788,0,91853,3810641,78597506
8/16/21,3731268,0,91871,3823139,78584990
8/17/21,3735152,0,91899,3827051,78581050
8/18/21,3743454,0,91921,3835375,78572704
8/19/21,3751832,0,91943,3843775,78564282
8/20/21,3761099,0,91956,3853055,78554989
8/21/21,3761099,0,91956,3853055,78554989
8/22/21,3761099,0,91956,3853055,78554989
8/23/21,3779885,0,91980,3871865,78536155
8/24/21,3785590,0,92022,3877612,78530366
8/25/21,3797112,0,92061,3889173,78518766
8/26/21,3809717,0,92082,3901799,78506119
8/27/21,3821732,0,92096,3913828,78494076
8/28/21,3821732,0,92096,3913828,78494076
8/29/21,3821732,0,92096,3913828,78494076
8/30/21,3844966,0,92140,3937106,78470754
8/31/21,3850656,0,92200,3942856,78464944
9/1/21,3864164,0,92223,3956387,78451390
9/2/21,3877846,0,92256,3970102,78437642
9/3/21,3892052,0,92301,3984353,78423346
9/4/21,3892052,0,92301,3984353,78423346
9/5/21,3892052,0,92301,3984353,78423346
9/6/21,3918036,0,92354,4010390,78397256
9/7/21,3924703,0,92413,4017116,78390471
9/8/21,3938233,0,92448,4030681,78376871
9/9/21,3953614,0,92498,4046112,78361390
9/10/21,3966528,0,92553,4059081,78348366
9/11/21,3966528,0,92553,4059081,78348366
9/12/21,3966528,0,92553,4059081,78348366
9/13/21,3990533,0,92618,4083151,78324231
9/14/21,3996790,0,92686,4089476,78317838
9/15/21,4009162,0,92769,4101931,78305300
9/16/21,4022019,0,92837,4114856,78292307
9/17/21,4033021,0,92857,4125878,78281265
9/18/21,4033021,0,92857,4125878,78281265
9/19/21,4033021,0,92857,4125878,78281265
9/20/21,4052881,0,92971,4145852,78261177
9/21/21,4057464,0,93052,4150516,78256432
9/22/21,4067847,0,93123,4160970,78245907
9/23/21,4078428,0,93238,4171666,78235096
9/24/21,4088090,0,93303,4181393,78225304
9/25/21,4088090,0,93303,4181393,78225304
9/26/21,4088090,0,93303,4181393,78225304
9/27/21,4105997,0,93403,4199400,78207197
9/28/21,4110067,0,93504,4203571,78202925
9/29/21,4121780,0,93571,4215351,78191078
9/30/21,4133863,0,93638,4227501,78178861
10/1/21,4143908,0,93711,4237619,78168670
10/2/21,4143908,0,93711,4237619,78168670
10/3/21,4143908,0,93711,4237619,78168670
10/4/21,4161595,0,93793,4255388,78150819
10/5/21,4166304,0,93883,4260187,78145930
10/6/21,4177775,0,93959,4271734,78134307
10/7/21,4189351,0,94027,4283378,78122595
10/8/21,4199694,0,94113,4293807,78112080
10/9/21,4199694,0,94113,4293807,78112080
10/10/21,4199694,0,94113,4293807,78112080
10/11/21,4219175,0,94209,4313384,78092407
10/12/21,4224058,0,94297,4318355,78087348
10/13/21,4235869,0,94389,4330258,78075353
10/14/21,4248179,0,94461,4342640,78062899
10/15/21,4259632,0,94526,4354158,78051316
10/16/21,4259632,0,94526,4354158,78051316
10/17/21,4259632,0,94526,4354158,78051316
10/18/21,4283217,0,94628,4377845,78027527
10/19/21,4289900,0,94716,4384616,78020668
10/20/21,4306823,0,94808,4401631,78003561
10/21/21,4322833,0,94875,4417708,77987417
10/22/21,4342289,0,94991,4437280,77967729
10/23/21,4342289,0,94991,4437280,77967729
10/24/21,4342289,0,94991,4437280,77967729
10/25/21,4377613,0,95117,4472730,77932153
10/26/21,4387958,0,95245,4483203,77921552
10/27/21,4411056,0,95359,4506415,77898226
10/28/21,4438967,0,95485,4534452,77870063
10/29/21,4463514,0,95606,4559120,77845274
10/30/21,4463514,0,95606,4559120,77845274
10/31/21,4463514,0,95606,4559120,77845274
11/1/21,4511456,0,95752,4607208,77797040
11/2/21,4522188,0,95833,4618021,77786146
11/3/21,4542392,0,96027,4638419,77765554
11/4/21,4576176,0,96192,4672368,77731440
11/5/21,4613142,0,96346,4709488,77694166
11/6/21,4613142,0,96346,4709488,77694166
11/7/21,4613142,0,96346,4709488,77694166
11/8/21,4685988,0,96558,4782546,77620896
11/9/21,4707651,0,96727,4804378,77598895
11/10/21,4747091,0,96963,4844054,77558983
11/11/21,4797052,0,97198,4894250,77508552
11/12/21,4845501,0,97389,4942890,77459721
11/13/21,4845501,0,97389,4942890,77459721
11/14/21,4845501,0,97389,4942890,77459721
11/15/21,4947361,0,97715,5045076,77357209
11/16/21,4979144,0,97980,5077124,77324896
11/17/21,5031676,0,98274,5129950,77271776
11/18/21,5096783,0,98538,5195321,77206141
11/19/21,5149552,0,98739,5248291,77152970
11/20/21,5149552,0,98739,5248291,77152970
11/21/21,5149552,0,98739,5248291,77152970
11/22/21,5286461,0,99124,5385585,77015291
11/23/21,5331478,0,99433,5430911,76969656
11/24/21,5398027,0,99768,5497795,76902437
11/25/21,5473637,0,100119,5573756,76826125
11/26/21,5549694,0,100476,5650170,76749354
11/27/21,5549694,0,100476,5650170,76749354
11/28/21,5549694,0,100476,5650170,76749354
11/29/21,5690104,0,100956,5791060,76607984
11/30/21,5735469,0,101344,5836813,76561843
12/1/21,5802209,0,101790,5903999,76494211
12/2/21,5875030,0,102178,5977208,76420614
12/3/21,5948992,0,102568,6051560,76345872
12/4/21,5948992,0,102568,6051560,76345872
12/5/21,5948992,0,102568,6051560,76345872
12/6/21,6082840,0,103121,6185961,76210918
12/7/21,6118500,0,103520,6222020,76174460
12/8/21,6187574,0,104047,6291621,76104332
12/9/21,6257720,0,104512,6362232,76033256
12/10/21,6318524,0,104996,6423520,75971484
12/11/21,6318524,0,104996,6423520,75971484
12/12/21,6318524,0,104996,6423520,75971484
12/13/21,6425852,0,105754,6531606,75862640
12/14/21,6456202,0,106227,6562429,75831344
12/15/21,6507050,0,106680,6613730,75779590
12/16/21,6563205,0,107202,6670407,75722391
12/17/21,6613736,0,107639,6721375,75670986
12/18/21,6613736,0,107639,6721375,75670986
12/19/21,6613736,0,107639,6721375,75670986
12/20/21,6701270,0,108352,6809622,75582026
12/21/21,6724236,0,108814,6833050,75558136
12/22/21,6769385,0,109324,6878709,75511967
12/23/21,6813887,0,109749,6923636,75466615
12/24/21,6813887,0,109749,6923636,75466615
12/25/21,6813887,0,109749,6923636,75466615
12/26/21,6813887,0,109749,6923636,75466615
12/27/21,6894856,0,110433,7005289,75384278
12/28/21,6915564,0,110805,7026369,75362826
12/29/21,6955193,0,111219,7066412,75322369
12/30/21,6997580,0,111602,7109182,75279216
12/31/21,6997580,0,111602,7109182,75279216
1/1/22,6997580,0,111602,7109182,75279216
1/2/22,6997580,0,111602,7109182,75279216
1/3/22,6997580,0,111602,7109182,75279216
1/4/22,7125829,0,112579,7238408,75149013
1/5/22,7184395,0,112925,7297320,75089755
1/6/22,7248292,0,113368,7361660,75024972
1/7/22,7304363,0,113632,7417995,74968373
1/8/22,7304363,0,113632,7417995,74968373
1/9/22,7304363,0,113632,7417995,74968373
1/10/22,7421662,0,114029,7535691,74850280
1/11/22,7467030,0,114351,7581381,74804268
1/12/22,7547076,0,114735,7661811,74723454
1/13/22,7628177,0,115051,7743228,74641721
1/14/22,7720114,0,115337,7835451,74549212
1/15/22,7720114,0,115337,7835451,74549212
1/16/22,7720114,0,115337,7835451,74549212
1/17/22,7884473,0,115649,8000122,74384229
1/18/22,7958685,0,115842,8074527,74309631
1/19/22,8070769,0,116081,8186850,74197069
1/20/22,8204071,0,116315,8320386,74063299
1/21/22,8344061,0,116485,8460546,73922969
1/22/22,8344061,0,116485,8460546,73922969
1/23/22,8344061,0,116485,8460546,73922969
1/24/22,8628094,0,116746,8744840,73638414
1/25/22,8754835,0,116960,8871795,73511245
1/26/22,8918669,0,117126,9035795,73347079
1/27/22,9121617,0,117314,9238931,73143755
1/28/22,9311595,0,117484,9429079,72953437
1/29/22,9311595,0,117484,9429079,72953437
1/30/22,9311595,0,117484,9429079,72953437
1/31/22,9697747,0,117786,9815533,72566681
2/1/22,9860172,0,117974,9978146,72403880
2/2/22,10068474,0,118170,10186644,72195186
2/3/22,10304430,0,118334,10422764,71958902
2/4/22,10553098,0,118504,10671602,71709894
2/5/22,10553098,0,118504,10671602,71709894
2/6/22,10553098,0,118504,10671602,71709894
2/7/22,10999091,0,118766,11117857,71263377
2/8/22,11168485,0,118943,11287428,71093629
2/9/22,11402463,0,119215,11521678,70859107
2/10/22,11650087,0,119453,11769540,70611007
2/11/22,11890033,0,119679,12009712,70370609
2/12/22,11890033,0,119679,12009712,70370609
2/13/22,11890033,0,119679,12009712,70370609
2/14/22,12301149,0,119977,12421126,69958897
2/15/22,12460123,0,120220,12580343,69799437
2/16/22,12679848,0,120467,12800315,69579218
2/17/22,12915213,0,120728,13035941,69343331
2/18/22,13134997,0,120992,13255989,69123019
2/19/22,13134997,0,120992,13255989,69123019
2/20/22,13134997,0,120992,13255989,69123019
2/21/22,13515696,0,121297,13636993,68741710
2/22/22,13641292,0,121603,13762895,68615502
2/23/22,13850045,0,121902,13971947,68406151
2/24/22,14066124,0,122145,14188269,68189586
2/25/22,14276641,0,122371,14399012,67978617
2/26/22,14276641,0,122371,14399012,67978617
2/27/22,14276641,0,122371,14399012,67978617
2/28/22,14622405,0,122702,14745107,67632191
3/1/22,14744281,0,122937,14867218,67509845
3/2/22,14930386,0,123238,15053624,67323138
3/3/22,15140792,0,123505,15264297,67112198
3/4/22,15358094,0,123796,15481890,66894314
3/5/22,15358094,0,123796,15481890,66894314
3/6/22,15358094,0,123796,15481890,66894314
3/7/22,15745291,0,124126,15869417,66506457
3/8/22,15745291,0,124126,15869417,66506457
3/9/22,16117306,0,124764,16242070,66133166
3/10/22,16379799,0,125023,16504822,65870155
3/11/22,16632386,0,125272,16757658,65617070
3/12/22,16632386,0,125272,16757658,65617070
3/13/22,16632386,0,125272,16757658,65617070
3/14/22,17108139,0,125590,17233729,65140681
3/15/22,17306744,0,125873,17432617,64941510
3/16/22,17569068,0,126142,17695210,64678648
3/17/22,17863721,0,126420,17990141,64383439
3/18/22,18161340,0,126646,18287986,64085368
3/19/22,18161340,0,126646,18287986,64085368
3/20/22,18161340,0,126646,18287986,64085368
3/21/22,18645402,0,126929,18772331,63600740
3/22/22,18867218,0,127193,18994411,63378396
3/23/22,19150621,0,127522,19278143,63094335
3/24/22,19468708,0,127822,19596530,62775648
3/25/22,19764918,0,128110,19893028,62478862
3/26/22,19764918,0,128110,19893028,62478862
3/27/22,19764918,0,128110,19893028,62478862
3/28/22,20195322,0,128457,20323779,62047764
3/29/22,20432367,0,128764,20561131,61810105
3/30/22,20700496,0,129112,20829608,61541280
3/31/22,20975118,0,129391,21104509,61266100
4/1/22,21227344,0,129695,21357039,61013266
4/2/22,21227344,0,129695,21357039,61013266
4/3/22,21227344,0,129695,21357039,61013266
4/4/22,21538625,0,130052,21668677,60701271
4/5/22,21718706,0,130368,21849074,60520558
4/6/22,21933351,0,130708,22064059,60305233
4/7/22,22134752,0,131036,22265788,60103176
4/8/22,22309681,0,131370,22441051,59927579
4/9/22,22309681,0,131370,22441051,59927579
4/10/22,22309681,0,131370,22441051,59927579
4/11/22,22546258,0,131728,22677986,59690286
4/12/22,22708759,0,132017,22840776,59527207
4/13/22,22884701,0,132378,23017079,59350543
4/14/22,23049759,0,132688,23182447,59184865
4/15/22,23049759,0,132688,23182447,59184865
4/16/22,23049759,0,132688,23182447,59184865
4/17/22,23049759,0,132688,23182447,59184865
4/18/22,23049759,0,132688,23182447,59184865
4/19/22,23326668,0,132960,23459628,58907412
4/20/22,23524903,0,133308,23658211,58708481
4/21/22,23710904,0,133632,23844536,58521832
4/22/22,23872333,0,133921,24006254,58359825
4/23/22,23872333,0,133921,24006254,58359825
4/24/22,23872333,0,133921,24006254,58359825
4/25/22,24066411,0,134185,24200596,58165219
4/26/22,24202905,0,134489,24337394,58028117
4/27/22,24344223,0,134832,24479055,57886113
4/28/22,24474081,0,135078,24609159,57755763
4/29/22,24575477,0,135292,24710769,57653939
4/30/22,24575477,0,135292,24710769,57653939
5/1/22,24575477,0,135292,24710769,57653939
5/2/22,24678356,0,135461,24813817,57550722
5/3/22,24791638,0,135701,24927339,57436960
5/4/22,24898028,0,135942,25033970,57330088
5/5/22,24994012,0,136125,25130137,57233738
5/6/22,25078871,0,136339,25215210,57148451
5/7/22,25078871,0,136339,25215210,57148451
5/8/22,25078871,0,136339,25215210,57148451
5/9/22,25162762,0,136538,25299300,57064162
5/10/22,25270112,0,136756,25406868,56956376
5/11/22,25366891,0,136987,25503878,56859135
5/12/22,25455655,0,137184,25592839,56769977
5/13/22,25524490,0,137348,25661838,56700814
5/14/22,25524490,0,137348,25661838,56700814
5/15/22,25524490,0,137348,25661838,56700814
5/16/22,25594654,0,137499,25732153,56630348
5/17/22,25680691,0,137714,25818405,56543881
5/18/22,25752568,0,137888,25890456,56471656
5/19/22,25811122,0,138053,25949175,56412772
5/20/22,25859881,0,138204,25998085,56363711
5/21/22,25859881,0,138204,25998085,56363711
5/22/22,25859881,0,138204,25998085,56363711
5/23/22,25907202,0,138326,26045528,56316146
5/24/22,25971480,0,138485,26109965,56251550
5/25/22,26020463,0,138643,26159106,56202251
5/26/22,26020463,0,138643,26159106,56202251
5/27/22,26061882,0,138781,26200663,56160556
5/28/22,26105243,0,138864,26244107,56117029
5/29/22,26105243,0,138864,26244107,56117029
5/30/22,26105243,0,138864,26244107,56117029
5/31/22,26166996,0,139000,26305996,56055004
6/1/22,26221862,0,139091,26360953,55999956
6/2/22,26270233,0,139222,26409455,55951323
6/3/22,26312835,0,139313,26452148,55908539
6/4/22,26312835,0,139313,26452148,55908539
6/5/22,26312835,0,139313,26452148,55908539
6/6/22,26312835,0,139313,26452148,55908539
6/7/22,26358973,0,139388,26498361,55862251
6/8/22,26443483,0,139533,26583016,55777451
6/9/22,26521029,0,139623,26660652,55699725
6/10/22,26598801,0,139729,26738530,55621741
6/11/22,26598801,0,139729,26738530,55621741
6/12/22,26598801,0,139729,26738530,55621741
6/13/22,26669438,0,139807,26809245,55550948
6/14/22,26775171,0,139914,26915085,55445001
6/15/22,26867403,0,140026,27007429,55352545
6/16/22,26956472,0,140099,27096571,55263330
6/17/22,26984571,0,140118,27124689,55235193
6/18/22,26984571,0,140118,27124689,55235193
6/19/22,26984571,0,140118,27124689,55235193
6/20/22,27071720,0,140176,27211896,55147928
6/21/22,27194635,0,140358,27334993,55024649
6/22/22,27313763,0,140462,27454225,54905313
6/23/22,27433025,0,140560,27573585,54785855
6/24/22,27541125,0,140650,27681775,54677575
6/25/22,27541125,0,140650,27681775,54677575
6/26/22,27541125,0,140650,27681775,54677575
6/27/22,27631177,0,140734,27771911,54587355
6/28/22,27773393,0,140847,27914240,54444913
6/29/22,27907168,0,141022,28048190,54310788
6/30/22,28039756,0,141105,28180861,54178034
7/1/22,28152771,0,141189,28293960,54064851
7/2/22,28152771,0,141189,28293960,54064851
7/3/22,28152771,0,141189,28293960,54064851
7/4/22,28253700,0,141295,28394995,53963710
7/5/22,28401087,0,141397,28542484,53816119
7/6/22,28531693,0,141519,28673212,53685269
7/7/22,28666987,0,141627,28808614,53549759
7/8/22,28784588,0,141758,28926346,53431896
7/9/22,28784588,0,141758,28926346,53431896
7/10/22,28784588,0,141758,28926346,53431896
7/11/22,28883890,0,141870,29025760,53332370
7/12/22,29038454,0,142035,29180489,53177476
7/13/22,29165961,0,142139,29308100,53049761
7/14/22,29317965,0,142284,29460249,52897467
7/15/22,29427544,0,142399,29569943,52787658
7/16/22,29427544,0,142399,29569943,52787658
7/17/22,29427544,0,142399,29569943,52787658
7/18/22,29550456,0,142533,29692989,52664478
7/19/22,29711045,0,142635,29853680,52503685
7/20/22,29851908,0,142771,29994679,52362550
7/21/22,29988355,0,142948,30131303,52225749
7/22/22,30096061,0,143061,30239122,52117817
7/23/22,30096061,0,143061,30239122,52117817
7/24/22,30096061,0,143061,30239122,52117817
7/25/22,30187956,0,143177,30331133,52025690
7/26/22,30333241,0,143364,30476605,51880031
7/27/22,30454840,0,143545,30598385,51758070
7/28/22,30558809,0,143702,30702511,51653787
7/29/22,30643454,0,143855,30787309,51568836
7/30/22,30643454,0,143855,30787309,51568836
7/31/22,30643454,0,143855,30787309,51568836
8/1/22,30710196,0,143979,30854175,51501846
8/2/22,30812723,0,144150,30956873,51398977
8/3/22,30900194,0,144360,31044554,51311086
8/4/22,30974647,0,144552,31119199,51236249
8/5/22,31033988,0,144717,31178705,51176578
8/6/22,31033988,0,144717,31178705,51176578
8/7/22,31033988,0,144717,31178705,51176578
8/8/22,31083464,0,144858,31228322,51126820
8/9/22,31161992,0,145028,31307020,51047952
8/10/22,31234516,0,145241,31379757,50975002
8/11/22,31294251,0,145394,31439645,50914961
8/12/22,31343923,0,145561,31489484,50864955
8/13/22,31343923,0,145561,31489484,50864955
8/14/22,31343923,0,145561,31489484,50864955
8/15/22,31389642,0,145698,31535340,50818962
8/16/22,31453247,0,145838,31599085,50755077
8/17/22,31520445,0,146030,31666475,50687495
8/18/22,31578946,0,146214,31725160,50628626
8/19/22,31625501,0,146383,31771884,50581733
8/20/22,31625501,0,146383,31771884,50581733
8/21/22,31625501,0,146383,31771884,50581733
8/22/22,31661724,0,146504,31808228,50545268
8/23/22,31721989,0,146650,31868639,50484711
8/24/22,31774781,0,146797,31921578,50431625
8/25/22,31823866,0,146913,31970779,50382308
8/26/22,31861119,0,147003,32008122,50344875
8/27/22,31861119,0,147003,32008122,50344875
8/28/22,31861119,0,147003,32008122,50344875
8/29/22,31894246,0,147104,32041350,50311546
8/30/22,31948631,0,147223,32095854,50256923
8/31/22,31997753,0,147404,32145157,50207439
9/1/22,32037059,0,147494,32184553,50167953
9/2/22,32070841,0,147642,32218483,50133875
9/3/22,32070841,0,147642,32218483,50133875
9/4/22,32070841,0,147642,32218483,50133875
9/5/22,32100066,0,147762,32247828,50104410
9/6/22,32149676,0,147861,32297537,50054602
9/7/22,32196051,0,147981,32344032,50007987
9/8/22,32237991,0,148098,32386089,49965813
9/9/22,32273867,0,148217,32422084,49929699
9/10/22,32273867,0,148217,32422084,49929699
9/11/22,32273867,0,148217,32422084,49929699
9/12/22,32303951,0,148299,32452250,49899451
9/13/22,32358791,0,148389,32507180,49844431
9/14/22,32409981,0,148498,32558479,49793023
9/15/22,32456265,0,148728,32604993,49746279
9/16/22,32494897,0,148845,32643742,49707413
9/17/22,32494897,0,148845,32643742,49707413
9/18/22,32494897,0,148845,32643742,49707413
9/19/22,32531423,0,148933,32680356,49670711
9/20/22,32591514,0,149079,32740593,49610328
9/21/22,32648139,0,149169,32797308,49553523
9/22/22,32705011,0,149275,32854286,49496439
9/23/22,32755718,0,149368,32905086,49445546
9/24/22,32755718,0,149368,32905086,49445546
9/25/22,32755718,0,149368,32905086,49445546
9/26/22,32802592,0,149458,32952050,49398492
9/27/22,32891756,0,149576,33041332,49309092
9/28/22,32987429,0,149714,33137143,49213143
9/29/22,33066198,0,149808,33216006,49134186
9/30/22,33162425,0,149948,33312373,49037679
10/1/22,33162425,0,149948,33312373,49037679
10/2/22,33162425,0,149948,33312373,49037679
10/3/22,33162425,0,149948,33312373,49037679
10/4/22,33236165,0,150064,33386229,48963707
10/5/22,33369569,0,150192,33519761,48830047
10/6/22,33501966,0,150289,33652255,48697456
10/7/22,33675961,0,150406,33826367,48523227
10/8/22,33675961,0,150406,33826367,48523227
10/9/22,33675961,0,150406,33826367,48523227
10/10/22,33798097,0,150535,33948632,48400833
10/11/22,33970448,0,150720,34121168,48228112
10/12/22,34106997,0,150919,34257916,48091165
10/13/22,34252034,0,151095,34403129,47945776
10/14/22,34366067,0,151260,34517327,47831413
10/15/22,34366067,0,151260,34517327,47831413
10/16/22,34366067,0,151260,34517327,47831413
10/17/22,34457417,0,151420,34608837,47739743
10/18/22,34607260,0,151629,34758889,47589482
10/19/22,34737086,0,151877,34888963,47459160
10/20/22,34853669,0,152100,35005769,47342131
10/21/22,34945784,0,152278,35098062,47249660
10/22/22,34945784,0,152278,35098062,47249660
10/23/22,34945784,0,152278,35098062,47249660
10/24/22,35020212,0,152482,35172694,47174824
10/25/22,35135473,0,152755,35288228,47059017
10/26/22,35230018,0,152997,35383015,46963988
10/27/22,35308727,0,153193,35461920,46884887
10/28/22,35370035,0,153377,35523412,46823211
10/29/22,35370035,0,153377,35523412,46823211
10/30/22,35370035,0,153377,35523412,46823211
10/31/22,35417587,0,153544,35571131,46775325
11/1/22,35465993,0,153694,35619687,46726619
11/2/22,35495834,0,153814,35649648,46696538
11/3/22,35574182,0,154095,35728277,46617628
11/4/22,35630584,0,154328,35784912,46560760
11/5/22,35630584,0,154328,35784912,46560760
11/6/22,35630584,0,154328,35784912,46560760
11/7/22,35669236,0,154535,35823771,46521694
11/8/22,35730049,0,154785,35884834,46460381
11/9/22,35777642,0,155012,35932654,46412334
11/10/22,35816135,0,155187,35971322,46373491
11/11/22,35849622,0,155403,36005025,46339572
11/12/22,35849622,0,155403,36005025,46339572
11/13/22,35849622,0,155403,36005025,46339572
11/14/22,35877807,0,155588,36033395,46311017
11/15/22,35924767,0,155807,36080574,46263619
11/16/22,35963154,0,156030,36119184,46224786
11/17/22,35996298,0,156192,36152490,46191318
11/18/22,36023667,0,156410,36180077,46163513
11/19/22,36023667,0,156410,36180077,46163513
11/20/22,36023667,0,156410,36180077,46163513
11/21/22,36048792,0,156613,36205405,46137982
11/22/22,36090269,0,156812,36247081,46096107
11/23/22,36123420,0,156951,36280371,46062678
11/24/22,36161347,0,157114,36318461,46024425
11/25/22,36191089,0,157388,36348477,45994135
11/26/22,36191089,0,157388,36348477,45994135
11/27/22,36191089,0,157388,36348477,45994135
11/28/22,36215670,0,157495,36373165,45969340
11/29/22,36262060,0,157657,36419717,45922626
11/30/22,36305694,0,157791,36463485,45878724
12/1/22,36341657,0,157943,36499600,45842457
12/2/22,36371911,0,158109,36530020,45811871
12/3/22,36371911,0,158109,36530020,45811871
12/4/22,36371911,0,158109,36530020,45811871
12/5/22,36399663,0,158198,36557861,45783941
12/6/22,36446262,0,158386,36604648,45736966
12/7/22,36491420,0,158559,36649979,45691462
12/8/22,36531551,0,158684,36690235,45651081
12/9/22,36567210,0,158851,36726061,45615088
12/10/22,36567210,0,158851,36726061,45615088
12/11/22,36567210,0,158851,36726061,45615088
12/12/22,36599960,0,158966,36758926,45582108
12/13/22,36653494,0,159177,36812671,45528152
12/14/22,36701634,0,159364,36860998,45479638
12/15/22,36746279,0,159594,36905873,45434533
12/16/22,36786837,0,159737,36946574,45393689
12/17/22,36786837,0,159737,36946574,45393689
12/18/22,36786837,0,159737,36946574,45393689
12/19/22,36820999,0,159884,36980883,45359233
12/20/22,36875853,0,160045,37035898,45304057
12/21/22,36928180,0,160246,37088426,45251328
12/22/22,36975990,0,160424,37136414,45203162
12/23/22,37017234,0,160611,37177845,45161544
12/24/22,37017234,0,160611,37177845,45161544
12/25/22,37017234,0,160611,37177845,45161544
12/26/22,37017234,0,160611,37177845,45161544
12/27/22,37051210,0,160768,37211978,45127254
12/28/22,37111458,0,160972,37272430,45066598
12/29/22,37184648,0,161321,37345969,44992710
12/30/22,37208400,0,161465,37369865,44968670
12/31/22,37208401,0,161465,37369866,44968669
1/1/23,37208402,0,161465,37369867,44968668
1/2/23,37248936,0,161714,37410650,44927636
1/3/23,37284774,0,162021,37446795,44891184
1/4/23,37313192,0,162256,37475448,44862296
1/5/23,37333852,0,162518,37496370,44841112
1/6/23,37346851,0,162688,37509539,44827773
1/7/23,37346851,0,162688,37509539,44827773
1/8/23,37346851,0,162688,37509539,44827773
1/9/23,37377097,0,162975,37540072,44796953
1/10/23,37398947,0,163244,37562191,44774565
1/11/23,37418145,0,163425,37581570,44755005
1/12/23,37430901,0,163625,37594526,44741849
1/13/23,37441360,0,163775,37605135,44731090
1/14/23,37441360,0,163775,37605135,44731090
1/15/23,37441360,0,163775,37605135,44731090
1/16/23,37458392,0,163965,37622357,44713678
1/17/23,37473654,0,164153,37637807,44698040
1/18/23,37485417,0,164391,37649808,44685801
1/19/23,37494933,0,164585,37659518,44675897
1/20/23,37503681,0,164703,37668384,44666913
1/21/23,37503681,0,164703,37668384,44666913
1/22/23,37503681,0,164703,37668384,44666913
1/23/23,37519612,0,164844,37684456,44650700
1/24/23,37536192,0,165001,37701193,44633806
1/25/23,37549861,0,165139,37715000,44619861
1/26/23,37562841,0,165314,37728155,44606531
1/27/23,37574031,0,165441,37739472,44595087
1/28/23,37574031,0,165441,37739472,44595087
1/29/23,37574031,0,165441,37739472,44595087
1/30/23,37593210,0,165563,37758773,44575664
1/31/23,37614122,0,165711,37779833,44554456
2/1/23,37630925,0,165865,37796790,44537345
2/2/23,37644183,0,166016,37810199,44523785
2/3/23,37656449,0,166128,37822577,44511295
2/4/23,37656449,0,166128,37822577,44511295
2/5/23,37656449,0,166128,37822577,44511295
2/6/23,37675931,0,166292,37842223,44491485
2/7/23,37695304,0,166399,37861703,44471898
2/8/23,37713188,0,166526,37879714,44453760
2/9/23,37727232,0,166660,37893892,44439448
2/10/23,37727232,0,166660,37893892,44439448
2/11/23,37740549,0,166763,37907312,44425925
2/12/23,37740549,0,166763,37907312,44425925
2/13/23,37762069,0,166875,37928944,44404181
2/14/23,37782447,0,166999,37949446,44383555
2/15/23,37803233,0,167124,37970357,44362519
2/16/23,37819536,0,167214,37986750,44346036
2/17/23,37834813,0,167301,38002114,44330585
2/18/23,37834813,0,167301,38002114,44330585
2/19/23,37834813,0,167301,38002114,44330585
2/20/23,37850724,0,167387,38018111,44314502
2/21/23,37876383,0,167491,38043874,44288635
2/22/23,37901308,0,167604,38068912,44263484
2/23/23,37922366,0,167723,38090089,44242188
2/24/23,37943251,0,167812,38111063,44221125
2/25/23,37943251,0,167812,38111063,44221125
2/26/23,37943251,0,167812,38111063,44221125
2/27/23,37976082,0,167951,38144033,44188016
2/28/23,38000822,0,168086,38168908,44163006
3/1/23,38021779,0,168175,38189954,44141871
3/2/23,38034275,0,168296,38202571,44129133
3/3/23,38042453,0,168397,38210850,44120753
3/4/23,38042453,0,168397,38210850,44120753
3/5/23,38042454,0,168397,38210851,44120752
3/6/23,38042454,0,168397,38210851,44120752
3/7/23,38062901,0,168709,38231610,44099681
3/8/23,38072423,0,168808,38241231,44089961
3/9/23,38080125,0,168935,38249060,44082005
